"seo_url_id";"store_id";"language_id";"query";"keyword"
"1963";"0";"4";"category_id=54_55_1389";"безразборная-мойка-сип"
"1961";"0";"4";"category_id=54_55_58";"мойка-животноводческих-помещений"
"1962";"0";"4";"category_id=54_55_59";"личная-гигиена-персонала"
"1960";"0";"4";"category_id=54_55_57";"заполнение-дезбарьеров-и-дезковриков"
"1957";"0";"4";"category_id=54";"сельское-хозяйство"
"1958";"0";"4";"category_id=54_55";"птицеводство"
"1959";"0";"4";"category_id=54_55_56";"дезинфекция-животноводческих-помещений"
"1956";"0";"4";"category_id=10_1575_1576";"дезинфекция-поверхностей-и-оборудования"
"1920";"0";"4";"category_id=10";"пищевая-промышленность"
"1921";"0";"4";"category_id=10_1587";"производство-соусов"
"1922";"0";"4";"category_id=10_1593_1598";"дезинфекция-поверхностей"
"1923";"0";"4";"category_id=10_1593_1597";"мойка-санитарных-помещений"
"1924";"0";"4";"category_id=10_1593_1596";"мойка-термооборудования"
"1925";"0";"4";"category_id=10_1593_1595";"гигиена-персонала"
"1926";"0";"4";"category_id=10_1593_1594";"мойка-оборудования"
"1927";"0";"4";"category_id=10_1593";"хлеб-и-кондитерские-изделия"
"1928";"0";"4";"category_id=10_1587_1592";"мойка-санитарных-помещений"
"1929";"0";"4";"category_id=10_1587_1591";"мойка-термооборудования"
"1930";"0";"4";"category_id=10_1587_1588";"сип-мойка-и-дезинфекция"
"1931";"0";"4";"category_id=10_1587_1589";"мойка-оборудования"
"1932";"0";"4";"category_id=10_1587_1590";"гигиена-персонала"
"1933";"0";"4";"category_id=10_1575_1580";"мойка-санитарных-помещений"
"1934";"0";"4";"category_id=10_1581_1586";"мойка-санитарных-помещений"
"1935";"0";"4";"category_id=10_1581_1585";"мойка-термооборудования"
"1936";"0";"4";"category_id=10_1581_1584";"гигиена-персонала"
"1937";"0";"4";"category_id=10_1581_1583";"мойка-оборудования-и-поверхностей"
"1938";"0";"4";"category_id=10_1581_1582";"сип-мойка-и-дезинфекция"
"1939";"0";"4";"category_id=10_1581";"пиво-и-напитки"
"1940";"0";"4";"category_id=10_1563";"масложировая-промышленность"
"1941";"0";"4";"category_id=10_1569_1573";"мойка-термооборудования"
"1942";"0";"4";"category_id=10_1569_1572";"гигиена-персонала"
"1943";"0";"4";"category_id=10_1569_1571";"мойка-оборудования"
"1944";"0";"4";"category_id=10_1569_1570";"сип-мойка-и-дезинфекция"
"1945";"0";"4";"category_id=10_1569";"молочная-промышленность"
"1946";"0";"4";"category_id=10_1563_1568";"сип-мойка-и-дезинфекция"
"1947";"0";"4";"category_id=10_1563_1567";"мойка-термооборудования"
"1948";"0";"4";"category_id=10_1563_1564";"дезинфекция-поверхностей-и-оборудования"
"1949";"0";"4";"category_id=10_1563_1565";"мойка-санитарных-комнат"
"1950";"0";"4";"category_id=10_1563_1566";"гигиена-персонала"
"1951";"0";"4";"category_id=10_1575_1579";"мойка-термооборудования"
"1952";"0";"4";"category_id=10_1575_1578";"гигиена-персонала"
"1953";"0";"4";"category_id=10_1575_1577";"мойка-оборудования-и-поверхностей"
"1954";"0";"4";"category_id=10_1569_1574";"мойка-санитарных-помещений"
"1955";"0";"4";"category_id=10_1575";"масопереработка"
"1896";"0";"4";"product_id=910";"лайт-блеск-к"
"1897";"0";"4";"product_id=909";"шайн-д"
"1898";"0";"4";"product_id=908";"смарт-супер-м"
"1899";"0";"4";"product_id=907";"смарт"
"1900";"0";"4";"product_id=906";"паста-мастер"
"1901";"0";"4";"product_id=905";"крем-ньюгард-ренова"
"1902";"0";"4";"product_id=904";"крем-ньюгард-ультра"
"1903";"0";"4";"product_id=903";"триосепт-ол"
"1904";"0";"4";"product_id=902";"триосепт-экспресс"
"1905";"0";"4";"product_id=901";"триосепт-окси"
"2201";"0";"4";"product_id=900";"триосепт"
"1907";"0";"4";"product_id=899";"актив-люкс-д"
"1908";"0";"4";"product_id=898";"лайт-автомат"
"1909";"0";"4";"product_id=897";"мурена-1"
"1910";"0";"4";"product_id=896";"сип-ред-4"
"1911";"0";"4";"product_id=895";"сип-ред-3"
"1912";"0";"4";"product_id=894";"сип-ред-1"
"1913";"0";"4";"product_id=893";"сип-блю-5"
"1914";"0";"4";"product_id=892";"сип-блю-4"
"1915";"0";"4";"product_id=890";"триосепт-микс-п"
"1916";"0";"4";"product_id=891";"сип-блю-1"
"1820";"0";"4";"product_id=996";"септибокс"
"1821";"0";"4";"product_id=995";"ларус-софт"
"1822";"0";"4";"product_id=994";"хоз.люкс"
"1717";"0";"4";"category_id=74";"dealer-11"
"1964";"0";"4";"category_id=54_60";"svinovodstvo"
"1892";"0";"4";"product_id=914";"ворсол-пена"
"1893";"0";"4";"product_id=913";"ларус-универсал"
"1894";"0";"4";"product_id=912";"ларус-окси"
"1895";"0";"4";"product_id=911";"металл-блик"
"1891";"0";"4";"product_id=915";"ворсол-экстра"
"1889";"0";"4";"product_id=917";"триосепт-нук-15-тех."
"1890";"0";"4";"product_id=916";"клин-оксайд"
"1887";"0";"4";"product_id=919";"спец-делит-профи"
"1888";"0";"4";"product_id=918";"триосепт-нук-15"
"1844";"0";"4";"product_id=967";"антей"
"1845";"0";"4";"product_id=966";"лайт-люкс"
"1846";"0";"4";"product_id=965";"лайт"
"1847";"0";"4";"product_id=964";"спектр-профи"
"1848";"0";"4";"product_id=963";"спектр"
"1849";"0";"4";"product_id=962";"триосепт-аква"
"1850";"0";"4";"product_id=961";"салфетки-чистар"
"1851";"0";"4";"product_id=960";"контакт-экспресс"
"1852";"0";"4";"product_id=959";"контакт"
"1853";"0";"4";"product_id=958";"тор"
"1854";"0";"4";"product_id=957";"триосепт-ин"
"1855";"0";"4";"product_id=956";"тор-хс"
"1856";"0";"4";"product_id=955";"тор-локомотив"
"1857";"0";"4";"product_id=954";"рейс"
"1858";"0";"4";"product_id=953";"смарт-супер"
"1859";"0";"4";"product_id=952";"оксайд"
"1860";"0";"4";"product_id=951";"спец-оксайд-уфс"
"1861";"0";"4";"product_id=950";"спец-оксайд-пто"
"1862";"0";"4";"product_id=946";"шелк-бальзам"
"1863";"0";"4";"product_id=945";"шелк-с-антисептиком"
"1864";"0";"4";"product_id=944";"шелк"
"1865";"0";"4";"product_id=943";"спец-актив"
"1866";"0";"4";"product_id=942";"лайм-антиграфити"
"1867";"0";"4";"product_id=941";"шайн-микс"
"1868";"0";"4";"product_id=940";"шайн"
"2313";"0";"4";"product_id=939";"3d-клин"
"1870";"0";"4";"product_id=938";"триосепт-люкс"
"1871";"0";"4";"product_id=937";"триосепт-микс"
"1872";"0";"4";"product_id=936";"лайм-аква"
"1873";"0";"4";"product_id=935";"лайм-экстра"
"1874";"0";"4";"product_id=934";"лайм"
"1875";"0";"4";"product_id=932";"лайт-люкс-д"
"1876";"0";"4";"product_id=931";"спец-оксайд-марки-б"
"1877";"0";"4";"product_id=930";"антей-автомат"
"1878";"0";"4";"product_id=929";"антей-пена-плюс"
"1879";"0";"4";"product_id=928";"антей-пена-д"
"1880";"0";"4";"product_id=927";"скинлайф-йод"
"1881";"0";"4";"product_id=925";"скинлайф"
"1882";"0";"4";"product_id=924";"скинлайф-лакто"
"1883";"0";"4";"product_id=923";"триосепт-вет"
"2317";"0";"4";"product_id=1019";"автошампунь-контакт"
"1885";"0";"4";"product_id=921";"спец-делит-основной"
"1886";"0";"4";"product_id=920";"спец-делит"
"1843";"0";"4";"product_id=968";"антей-пена"
"1823";"0";"4";"product_id=993";"корнум-пена"
"1824";"0";"4";"product_id=992";"корнум"
"1825";"0";"4";"product_id=991";"скинлайф-мк"
"1826";"0";"4";"product_id=990";"сток-мастер"
"1827";"0";"4";"product_id=989";"спецэнзим"
"1828";"0";"4";"product_id=988";"оперсепт"
"1829";"0";"4";"product_id=987";"скинлайф-лакто-cалфетки"
"1830";"0";"4";"product_id=984";"триосепт-эндо-вет"
"1919";"0";"4";"product_id=983";"3d-септ"
"1832";"0";"4";"product_id=982";"стопсептикум"
"1833";"0";"4";"product_id=981";"велюр"
"1834";"0";"4";"product_id=979";"триосепт-эндо"
"1835";"0";"4";"product_id=978";"мурена-3"
"1836";"0";"4";"product_id=975";"спец-оксайд-марки-к"
"1837";"0";"4";"product_id=974";"спец-оксайд"
"1838";"0";"4";"product_id=973";"смарт-профи"
"1839";"0";"4";"product_id=972";"актив"
"1840";"0";"4";"product_id=971";"спец-актив-д"
"1841";"0";"4";"product_id=970";"актив-д"
"1842";"0";"4";"product_id=969";"антей-мц"
"1965";"0";"4";"category_id=54_60_61";"дезинфекция-животноводческих-помещений"
"1966";"0";"4";"category_id=54_60_62";"заполнение-дезбарьеров-и-дезковриков"
"1967";"0";"4";"category_id=54_60_672";"личная-гигиена-персонала"
"1968";"0";"4";"category_id=54_60_666";"мойка-животноводческих-помещений"
"1969";"0";"4";"category_id=54_60_1390";"sredstva-dla-gigieny-zivotnyh"
"1970";"0";"4";"category_id=54_65";"krs"
"1971";"0";"4";"category_id=54_65_66";"дезинфекция-животноводческих-помещений"
"1972";"0";"4";"category_id=54_65_67";"заполнение-дезбарьеров-и-дезковриков"
"1973";"0";"4";"category_id=54_65_68";"мойка-животноводческих-помещений"
"1974";"0";"4";"category_id=54_65_69";"безразборная-мойка-сип"
"1975";"0";"4";"category_id=54_65_70";"uhod-za-vymenem"
"1976";"0";"4";"category_id=54_65_71";"личная-гигиена-персонала"
"1977";"0";"4";"category_id=54_55_1465";"sredstva-dla-vann-ohlazdenia-tus"
"1978";"0";"4";"category_id=54_65_1420";"sredstva-dla-obrabotki-kopyt"
"1979";"0";"4";"category_id=72";"horeca"
"1980";"0";"4";"category_id=72_73";"kafe-bary-restorany"
"1981";"0";"4";"category_id=72_73_74";"dla-piseblokov"
"1982";"0";"4";"category_id=72_73_75";"obezzirivanie-поверхностей"
"1983";"0";"4";"category_id=72_73_76";"dla-gostevogo-zala"
"1984";"0";"4";"category_id=72_73_77";"uborka-санитарных-комнат"
"1985";"0";"4";"category_id=72_73_79";"dla-posudomoecnyh-masin"
"1986";"0";"4";"category_id=72_73_80";"гигиена-персонала"
"1987";"0";"4";"category_id=72_73_726";"stirka"
"1988";"0";"4";"category_id=72_73_729";"мойка-stekol-и-zerkal"
"1989";"0";"4";"category_id=72_73_1392";"protiv-zasorov-trub"
"1990";"0";"4";"category_id=72_81";"gostinicy"
"1991";"0";"4";"category_id=72_81_82";"uborka-санитарных-комнат"
"1992";"0";"4";"category_id=72_81_83";"udalenie-paten-и-graffiti"
"1993";"0";"4";"category_id=72_81_84";"мойка-stekol-и-zerkal"
"1994";"0";"4";"category_id=72_81_85";"uhod-za-metalliceskimi-poverhnostami"
"1995";"0";"4";"category_id=72_81_86";"uborka-nomerov"
"1996";"0";"4";"category_id=72_81_738";"stirka-belʹa"
"1997";"0";"4";"category_id=72_81_1393";"protiv-zasorov-trub"
"1998";"0";"4";"category_id=87";"klining"
"1999";"0";"4";"category_id=87_88";"kommerceskij-klining"
"2000";"0";"4";"category_id=87_88_763";"stirka-belʹa"
"2001";"0";"4";"category_id=87_88_89";"uborka-ofisov"
"2002";"0";"4";"category_id=87_88_777";"dla-polomoecnyh-masin"
"2003";"0";"4";"category_id=87_88_90";"cistka-kovrov"
"2004";"0";"4";"category_id=87_88_91";"udalenie-paten-и-graffiti"
"2005";"0";"4";"category_id=87_88_92";"мойка-stekol-и-zerkal"
"2006";"0";"4";"category_id=87_88_769";"uhod-za-metalliceskim-poverhnostami"
"2007";"0";"4";"category_id=87_88_768";"uhod-za-orgtehnikoj"
"2008";"0";"4";"category_id=87_88_93";"uborka-санитарных-комнат"
"2009";"0";"4";"category_id=87_88_1394";"protiv-zasorov-trub"
"2010";"0";"4";"category_id=94";"transport"
"2011";"0";"4";"category_id=94_95";"zeleznodoroznyj-transport"
"2012";"0";"4";"category_id=94_95_96";"detali-kolesnye-pary-podvagonnoe-prostranstvo"
"2013";"0";"4";"category_id=94_95_97";"vnutrennaa-uborka-podviznogo-sostava"
"2014";"0";"4";"category_id=94_95_98";"uborka-depo-remontnyh-zon"
"2015";"0";"4";"category_id=94_95_851";"sredstva-licnoj-gigieny-dla-персонала"
"2016";"0";"4";"category_id=94_95_864";"uborka-vokzalov-administrativnyh-zdanij"
"2017";"0";"4";"category_id=131_132_1491";"tekusaa-и-generalʹnaa-uborki"
"2018";"0";"4";"category_id=94_95_99";"naruznaa-мойка-podviznogo-sostava"
"2019";"0";"4";"category_id=131_133_1513";"pso-rucnym-sposobom"
"2020";"0";"4";"category_id=131_133_1514";"pso-v-uz-ustanovkah"
"2021";"0";"4";"category_id=131_133_1515";"ocistka-v-avtomaticeskih-masinah"
"2022";"0";"4";"category_id=131_133_1516";"sterilizacia"
"2023";"0";"4";"category_id=131_135_1517";"sterilizacia"
"2024";"0";"4";"category_id=94_100";"автотранспорт-и-водный-транспорт"
"2025";"0";"4";"category_id=94_100_101";"gruzovoj-transport"
"2026";"0";"4";"category_id=94_100_102";"legkovoj-transport"
"2027";"0";"4";"category_id=94_100_103";"obsestvennyj-transport"
"2028";"0";"4";"category_id=94_100_105";"vodnyj-transport"
"2029";"0";"4";"category_id=94_100_107";"klining-portov-recnyh-vokzalov-administrativnyh-zdanij"
"2030";"0";"4";"category_id=131_133_1511";"дезинфекция-imn-sovmesennaa-s-pso-rucnym-sposobom"
"2031";"0";"4";"category_id=131_133_1512";"дезинфекция-imn-sovmesennaa-s-pso-v-uzustanovkah"
"2032";"0";"4";"category_id=131_132_1510";"ekspressдезинфекция-поверхностей"
"2033";"0";"4";"category_id=131_132_1508";"дезинфекция-posudy"
"2034";"0";"4";"category_id=131_132_1509";"дезинфекция-belʹa"
"2035";"0";"4";"category_id=94_108";"metropoliten"
"2036";"0";"4";"category_id=94_108_109";"detali-kolesnye-pary-podvagonnoe-prostranstvo"
"2037";"0";"4";"category_id=94_108_110";"naruznaa-мойка-podviznogo-sostava"
"2038";"0";"4";"category_id=94_108_111";"uborka-depo-remontnyh-zon"
"2039";"0";"4";"category_id=94_108_1006";"sredstva-licnoj-gigieny-dla-персонала"
"2040";"0";"4";"category_id=94_108_1015";"uborka-vestibulej-platform"
"2041";"0";"4";"category_id=94_108_112";"vnutrennaa-uborka-podviznogo-sostava"
"2042";"0";"4";"category_id=131_137_1490";"vspomogatelʹnoe-oborudovanie"
"2043";"0";"4";"category_id=117_118_1486";"obezzirivanie-metodom-protirania-orosenia-pogruzenia"
"2044";"0";"4";"category_id=117_118_1487";"ocistka-detalej-и-uzlov-elektriceskih-masin"
"2045";"0";"4";"category_id=117_118_1488";"uborka-polov-v-proizvodstvennyh-cehah"
"2046";"0";"4";"category_id=131_137_1489";"zidkoe-mylo"
"2047";"0";"4";"category_id=117_118_1485";"ocistka-s-pomosʹu-apparatov-vysokogo-davlenia-minimoek"
"2048";"0";"4";"category_id=113";"obsluzivanie-teploobmennogo-оборудования"
"2049";"0";"4";"category_id=117";"masinostroenie-и-metalloobrabotka"
"2050";"0";"4";"category_id=117_118";"obezzirivanie-поверхностей"
"2051";"0";"4";"category_id=117_118_119";"obezzirivanie-v-ulʹtrazvukovyh-vannah"
"2052";"0";"4";"category_id=117_118_120";"obezzirivanie-v-avtomatizirovannyh-мойкаh"
"2053";"0";"4";"category_id=117_121";"promyslennyj-klining"
"2054";"0";"4";"category_id=117_121_812";"uborka-санитарных-комнат"
"2055";"0";"4";"category_id=117_121_126";"dla-polomoecnyh-masin"
"2056";"0";"4";"category_id=117_121_813";"udalenie-paten-и-graffiti"
"2057";"0";"4";"category_id=117_121_124";"мойка-stekol-и-zerkal"
"2058";"0";"4";"category_id=117_121_123";"protiv-zasorov-v-trubah"
"2059";"0";"4";"category_id=117_121_1599";"uborka-polov-v-proizvodstvennyh-cehah"
"2060";"0";"4";"category_id=131";"ucrezdenia-zdravoohranenia"
"2061";"0";"4";"category_id=131_132";"дезинфекция-поверхностей"
"2062";"0";"4";"category_id=131_133";"obrabotka-izdelij-medicinskogo-naznacenia"
"2063";"0";"4";"category_id=131_134";"дезинфекция-и-uborka-na-pisebloke"
"2064";"0";"4";"category_id=131_135";"obrabotka-endoskopov"
"2065";"0";"4";"category_id=131_136";"дезинфекция-biologiceskih-и-medicinskih-othodov"
"2066";"0";"4";"category_id=131_137";"obrabotka-koznyh-pokrovov"
"2067";"0";"4";"category_id=131_137_138";"koznye-antiseptiki"
"2068";"0";"4";"category_id=131_137_139";"uhod-za-rukami"
"2069";"0";"4";"category_id=131_140";"professionalʹnaa-uborka"
"2070";"0";"4";"category_id=131_140_1528";"uborka-pola"
"2071";"0";"4";"category_id=131_140_1529";"uborka-санитарных-комнат"
"2072";"0";"4";"category_id=131_140_1530";"мойка-stekol-и-zerkal"
"2073";"0";"4";"category_id=131_140_1531";"udalenie-paten-и-graffiti"
"2074";"0";"4";"category_id=131_140_1532";"cistka-magkoj-mebeli-и-kovrovyh-pokrytij"
"2075";"0";"4";"category_id=131_140_1533";"uhod-za-metalliceskimi-poverhnostami"
"2076";"0";"4";"category_id=131_140_1534";"ocistka-и-profilaktika-zasorov-v-trubah"
"2077";"0";"4";"category_id=131_140_1535";"uhod-za-orgtehnikoj"
"2078";"0";"4";"category_id=150";"detskie-sady-и-skoly"
"2079";"0";"4";"category_id=150_151";"дезинфекция-поверхностей"
"2080";"0";"4";"category_id=150_152";"дезинфекция-sovmesennaa-s-ocistkoj-mnogorazovyh-instrumentov"
"2081";"0";"4";"category_id=150_153";"stirka"
"2082";"0";"4";"category_id=150_154";"гигиена-koznyh-pokrovov"
"2083";"0";"4";"category_id=150_154_155";"koznye-antiseptiki"
"2084";"0";"4";"category_id=150_154_156";"uhod-za-rukami"
"2085";"0";"4";"category_id=150_157";"дезинфекция-na-pisebloke"
"2086";"0";"4";"category_id=150_158";"uborka-помещений"
"2087";"0";"4";"category_id=150_158_159";"uborka-pola"
"2088";"0";"4";"category_id=150_158_160";"uborka-санитарных-комнат"
"2089";"0";"4";"category_id=150_158_162";"cistka-magkoj-mebeli-и-kovrovyh-pokrytij"
"2090";"0";"4";"category_id=150_158_163";"ocistka-и-profilaktika-zasorov-v-trubah"
"2091";"0";"4";"category_id=150_158_164";"uhod-za-orgtehnikoj"
"2092";"0";"4";"category_id=150_158_165";"мойка-stekol-и-zerkal"
"2093";"0";"4";"category_id=150_158_166";"uhod-za-metalliceskimi-poverhnostami"
"2094";"0";"4";"category_id=150_158_167";"udalenie-paten-и-graffiti"
"2095";"0";"4";"category_id=168";"salony-krasoty-и-spa"
"2096";"0";"4";"category_id=168_1543_1544";"vrucnuu"
"2097";"0";"4";"category_id=168_1543_1545";"v-uzмойкаh"
"2098";"0";"4";"category_id=168_172";"гигиена-koznyh-pokrovov"
"2099";"0";"4";"category_id=168_1546_1547";"ezednevnaa-uborka"
"2100";"0";"4";"category_id=168_1546";"дезинфекция-поверхностей"
"2101";"0";"4";"category_id=168_172_1539";"zidkoe-mylo"
"2102";"0";"4";"category_id=168_1543";"дезинфекция-sovmesennaa-s-ocistkoj-mnogorazovyh-instrumentov"
"2103";"0";"4";"category_id=168_172_1542";"vspomogatelʹnoe-oborudovanie"
"2104";"0";"4";"category_id=168_172_1541";"uhod-za-rukami"
"2105";"0";"4";"category_id=168_172_1540";"koznye-antiseptiki"
"2106";"0";"4";"category_id=";"new11"
"2107";"0";"4";"category_id=";"new12"
"2108";"0";"4";"category_id=150_154_1429";"zidkoe-mylo"
"2109";"0";"4";"category_id=72_81_1424";"cistka-kovrov"
"2110";"0";"4";"category_id=72_81_1425";"dla-polomoecnyh-masin"
"2111";"0";"4";"category_id=72_81_1426";"dla-posudomoecnyh-masin"
"2112";"0";"4";"category_id=72_81_1427";"dla-piseblokov"
"2113";"0";"4";"category_id=72_81_1428";"dla-gostevogo-zala"
"2114";"0";"4";"category_id=150_154_1430";"vspomogatelʹnoe-oborudovanie"
"2115";"0";"4";"category_id=150_151_1431";"ezednevnaa-uborka"
"2116";"0";"4";"category_id=150_151_1432";"generalʹnaa-uborka"
"2117";"0";"4";"category_id=150_151_1433";"ekspress-дезинфекция"
"2118";"0";"4";"category_id=150_151_1434";"дезинфекция-санитарных-комнат"
"2119";"0";"4";"category_id=150_151_1435";"дезинфекция-uborocnogo-inventara"
"2120";"0";"4";"category_id=150_157_1436";"дезинфекция-и-mytʹe-posudy-vrucnuu"
"2121";"0";"4";"category_id=150_157_1437";"дезинфекция-и-dezodoracia-поверхностей"
"2122";"0";"4";"category_id=150_157_1438";"дезинфекция-и-dezodoracia-holodilʹnikov-и-hranilis"
"2123";"0";"4";"category_id=150_157_1439";"дезинфекция-pisevogo-ajca"
"2124";"0";"4";"category_id=150_152_1440";"дезинфекция-sovmesennaa-s-ocistkoj-mnogorazovyh-instrumentov-vrucnuu"
"2125";"0";"4";"category_id=150_152_1441";"дезинфекция-sovmesennaa-s-ocistkoj-mnogorazovyh-instrumentov-v-uz-мойкаh"
"2126";"0";"4";"category_id=150_1442";"дезинфекция-odnorazovyh-instrumentov-и-materialov-pered-utilizaciej"
"2127";"0";"4";"category_id=150_153_1443";"stirka-belʹa-vrucnuu"
"2128";"0";"4";"category_id=150_153_1444";"stirka-belʹa-v-stiralʹnyh-masinah"
"2129";"0";"4";"category_id=150_1445";"uborka-v-pisebloke"
"2130";"0";"4";"category_id=150_1445_1446";"mytʹe-posudy-vrucnuu"
"2131";"0";"4";"category_id=150_1445_1447";"mytʹe-posudy-v-posudomoecnyh-masinah"
"2132";"0";"4";"category_id=150_1445_1448";"udalenie-prigarov-s-plit-и-utvari"
"2133";"0";"4";"category_id=150_1445_1449";"mytʹe-и-obezzirivanie-поверхностей"
"2134";"0";"4";"category_id=87_88_1450";"dla-posudomoecnyh-masin"
"2135";"0";"4";"category_id=87_88_1451";"dla-piseblokov"
"2136";"0";"4";"category_id=87_1452";"dom"
"2137";"0";"4";"category_id=87_1452_1453";"stirka-belʹa"
"2138";"0";"4";"category_id=87_1452_1454";"uborka-zilyh-комнат"
"2139";"0";"4";"category_id=87_1452_1455";"udalenie-paten-и-graffiti"
"2140";"0";"4";"category_id=87_1452_1456";"uborka-санитарных-комнат"
"2141";"0";"4";"category_id=87_1452_1457";"мойка-stekol-и-zerkal"
"2142";"0";"4";"category_id=87_1452_1458";"cistka-kovrov"
"2143";"0";"4";"category_id=87_1452_1459";"uhod-za-metalliceskimi-poverhnostami"
"2144";"0";"4";"category_id=87_1452_1460";"dla-polomoecnyh-masin"
"2145";"0";"4";"category_id=87_1452_1461";"dla-posudomoecnyh-masin"
"2146";"0";"4";"category_id=87_1452_1462";"dla-kuhni"
"2147";"0";"4";"category_id=87_1452_1463";"protiv-zasorov-trub"
"2148";"0";"4";"category_id=87_1452_1464";"uhod-za-orgtehnikoj"
"2149";"0";"4";"category_id=54_55_1466";"obrabotka-aic"
"2150";"0";"4";"category_id=54_60_1467";"безразборная-мойка-сип-v-tom-cisle-sistem-poenia"
"2151";"0";"4";"category_id=113_1468";"teploelektrostancii-tec"
"2152";"0";"4";"category_id=113_1468_1469";"ocistka-parovyh-и-vodogrejnyh-kotlov"
"2153";"0";"4";"category_id=113_1468_1470";"ocistka-maslosistem"
"2154";"0";"4";"category_id=113_1471";"teplovye-seti"
"2155";"0";"4";"category_id=113_1471_1472";"ocistka-teploobmennikov-iz-nerzaveusej-stali"
"2156";"0";"4";"category_id=113_1471_1473";"ocistka-kotlov-brojlerov-kozihotrubnyh-teploobmennikov"
"2157";"0";"4";"category_id=113_1474";"proizvodstvennye-predpriatia"
"2158";"0";"4";"category_id=113_1474_1475";"ocistka-teploobmennikov-iz-nerzaveusej-stali"
"2159";"0";"4";"category_id=113_1474_1476";"ocistka-kotlov-bojlerov-kozuhotrubnyh-teploobmennikov"
"2160";"0";"4";"category_id=113_1474_1477";"ocistka-gradiren"
"2161";"0";"4";"category_id=113_1478";"obsluzivanie-kommerceskoj-nedvizimosti"
"2162";"0";"4";"category_id=113_1478_1479";"ocistka-teploobmennikov-iz-nerzaveusej-stali"
"2163";"0";"4";"category_id=113_1478_1480";"ocistka-kotlov-bojlerov-kozuhotrubnyh-teploobmennikov"
"2164";"0";"4";"category_id=113_1478_1481";"ocistka-gradiren"
"2165";"0";"4";"category_id=113_1482";"castnyj-sektor"
"2166";"0";"4";"category_id=113_1482_1483";"ocistka-teploobmennikov-iz-nerzaveusej-stali"
"2167";"0";"4";"category_id=113_1482_1484";"ocistka-kotlov-bojlerov"
"2168";"0";"4";"category_id=131_135_1518";"dvu"
"2169";"0";"4";"category_id=131_135_1519";"ocistka"
"2170";"0";"4";"category_id=131_134_1520";"rucnaa-мойка-posudy"
"2171";"0";"4";"category_id=131_134_1521";"мойка-posudy-v-posudomoecnyh-masinah"
"2172";"0";"4";"category_id=131_134_1522";"udalenie-prigarov-s-plit-и-utvari"
"2173";"0";"4";"category_id=131_134_1523";"mytʹe-и-obezzirivanie-поверхностей"
"2174";"0";"4";"category_id=131_134_1524";"дезинфекция-и-mytʹe-posudy-vrucnuu"
"2175";"0";"4";"category_id=131_134_1525";"дезинфекция-поверхностей"
"2176";"0";"4";"category_id=131_134_1526";"дезинфекция-и-dezodoracia-holodilʹnikov-и-hranilis"
"2177";"0";"4";"category_id=131_134_1527";"дезинфекция-pisevogo-ajca"
"2178";"0";"4";"category_id=131_1536";"stirka"
"2179";"0";"4";"category_id=131_1536_1537";"vrucnuu"
"2180";"0";"4";"category_id=131_1536_1538";"v-stiralʹnyh-masinah"
"2181";"0";"4";"category_id=168_1546_1548";"generalʹnaa-uborka"
"2182";"0";"4";"category_id=168_1546_1549";"ekspressдезинфекция-posle-kazdogo-klienta"
"2183";"0";"4";"category_id=168_1546_1550";"дезинфекция-санитарных-комнат"
"2184";"0";"4";"category_id=168_1551";"дезинфекция-uborocnogo-inventara"
"2185";"0";"4";"category_id=168_1552";"дезинфекция-pered-utilizaciej-odnorazovyh-instrumentov-и-materialov"
"2186";"0";"4";"category_id=168_1553";"uborka"
"2187";"0";"4";"category_id=168_1553_1554";"uborka-помещений"
"2188";"0";"4";"category_id=168_1553_1555";"uborka-санитарных-комнат"
"2189";"0";"4";"category_id=168_1553_1556";"мойка-stekol-и-zerkal"
"2190";"0";"4";"category_id=168_1553_1557";"udalenie-paten-и-graffiti"
"2191";"0";"4";"category_id=168_1553_1558";"cistka-magkoj-mebeli-и-kovrovyh-pokrytij"
"2192";"0";"4";"category_id=168_1553_1559";"uhod-za-metalliceskimi-poverhnostami"
"2193";"0";"4";"category_id=168_1553_1560";"ocistka-и-profilaktika-zasorov-v-trubah"
"2194";"0";"4";"category_id=168_1553_1561";"stirka-belʹa"
"2195";"0";"4";"category_id=168_1553_1562";"uhod-za-orgtehnikoj"
"2196";"0";"4";"category_id=1600_1601";"veterinaria-пищевая-промышленность-klining"
"2197";"0";"4";"category_id=1600_1601_1602";"instrukcii-po-primeneniu-mousih-sredstv"
"2198";"0";"4";"category_id=1600_1601_1603";"instrukcii-po-primeneniu-dezinficiruusih-sredstv"
"2199";"0";"4";"category_id=1600_1601_1604";"svidetelʹstva-o-gosudarstvennoj-registracii"
"2200";"0";"4";"category_id=1600_1601_1605";"deklaracii-o-sootvetstvii"
"2202";"0";"4";"category_id=1606";"каталог"
"2203";"0";"1";"category_id=1606";"catalog"
"2205";"0";"4";"category_id=1606";"katalog"
"2206";"0";"4";"information_id=4978";"научно-практическая-конференция-актуальные-вопросы-профилактики-инфекций-связанных-с-оказанием-медицинской-помощи"
"2207";"0";"4";"product_id=986";"antares-high-system-mini-vi3"
"2208";"0";"4";"product_id=980";"triosept-mix"
"2209";"0";"4";"product_id=997";"сообщение-от-сайта"
"2210";"0";"4";"product_id=976";"антибактериальная-hds-maxi"
"2211";"0";"4";"product_id=977";"sani-gryn"
"2212";"0";"4";"product_id=948";"крем-ньюгард-гидро"
"2213";"0";"4";"product_id=949";"крем-ньюгард-айс"
"2214";"0";"4";"product_id=947";"крем-ньюгард"
"2215";"0";"4";"product_id=998";"актив-люкс-"
"2216";"0";"4";"product_id=985";"steripower-metallic-edition"
"2217";"0";"4";"product_id=933";"настенный-металлический-держатель-для-флаконов-airless"
"2218";"0";"4";"product_id=926";"steripower-white-edition"
"2319";"0";"45";"product_id=1019";"автошампунь-кантакт"
"2219";"0";"4";"product_id=999";"вихрь-"
"2220";"0";"4";"product_id=1000";"ларус-бэби-"
"2221";"0";"4";"product_id=1001";"настенный-металлический-держатель-"
"2222";"0";"4";"product_id=1002";"настенный-металлический-дозатор-"
"2223";"0";"4";"product_id=1003";"сип-блю-3-"
"2224";"0";"4";"product_id=1004";"смарт-автомат-"
"2225";"0";"4";"product_id=1005";"спец-оксайд-мвк-"
"2226";"0";"4";"product_id=1006";"спец-оксайд-альфа-"
"2227";"0";"4";"product_id=1007";"спец-оксайд-нт-"
"2228";"0";"4";"product_id=1008";"технолайм-"
"2229";"0";"4";"product_id=1009";"тор-локомотив-супер-"
"2230";"0";"4";"product_id=1010";"тор-профи-"
"2231";"0";"4";"product_id=1011";"экотехнол-плюс-"
"2232";"0";"4";"product_id=1012";"бэби-люкс-"
"2233";"0";"4";"product_id=1013";"экотехнол-"
"2234";"0";"4";"product_id=1014";"шайн-профи"
"2292";"0";"45";"product_id=1016";"спектр-leto"
"2291";"0";"1";"product_id=1016";"spectr-summer"
"2290";"0";"4";"product_id=1016";"спектр-лето"
"2293";"0";"4";"product_id=1018";"спектр-инсект"
"2288";"0";"4";"product_id=1017";"спектр-зима"
"2318";"0";"1";"product_id=1019";"car-wash-contact"
"2309";"0";"4";"product_id=1020";"крем-мастер"
